habitation_id,state_code,district_code,village_code,name,demo_city,latitude,longitude,population,children_population,elderly_population,exposure_score,accessibility_score,historical_floods,rainfall_intensity_mm_hr,elevation_m,distance_to_river_km,drainage_risk_score,wind_gust_kph,distance_to_coast_km,storm_surge_exposure_score,roof_vulnerability_score,slope_degree,soil_instability_score,landcover_risk_score,historical_landslides,seismic_zone_score,distance_to_fault_km,building_vulnerability_score,ground_amplification_score,historical_earthquakes,rainfall_deficit_score,soil_moisture_deficit_score,groundwater_stress_score,heat_stress_score,historical_droughts,hazard_score,data_timestamp,data_mode,demo_basis,source_context
PURI-A,OD,PURI,PURI-A,Puri Coastal Cluster A,Puri,19.7983,85.8249,2200,420,190,86,63,8,82,8,4.0,82,190,1.5,92,64,2,18,22,0,45,180,55,48,1,42,40,48,62,3,0,2026-08-31T00:00:00Z,DEMO,Real geography + synthetic operational scenario inputs,See docs/multicity_demo_sources.md
PURI-B,OD,PURI,PURI-B,Puri Inland Cluster B,Puri,19.827,85.807,1600,300,150,72,52,6,75,15,7.0,74,175,5.0,68,58,3,20,25,0,45,180,50,45,1,45,46,52,64,3,0,2026-08-31T00:00:00Z,DEMO,Real geography + synthetic operational scenario inputs,See docs/multicity_demo_sources.md
PURI-C,OD,PURI,PURI-C,Puri Peri-Urban Cluster C,Puri,19.85,85.79,1200,220,120,58,42,4,68,22,10.0,58,165,8.0,52,52,3,22,28,0,45,180,48,42,1,48,50,55,66,3,0,2026-08-31T00:00:00Z,DEMO,Real geography + synthetic operational scenario inputs,See docs/multicity_demo_sources.md
GHY-A,AS,KAMRUP-M,GHY-A,Guwahati Riverside Cluster A,Guwahati,26.184,91.744,2600,470,210,90,70,9,88,52,0.8,88,95,400.0,0,50,8,45,48,2,95,35,68,82,8,22,20,28,48,1,0,2026-08-31T00:00:00Z,DEMO,Real geography + synthetic operational scenario inputs,See docs/multicity_demo_sources.md
GHY-B,AS,KAMRUP-M,GHY-B,Guwahati Hillside Cluster B,Guwahati,26.145,91.77,1800,320,130,78,82,5,85,120,5.0,64,90,400.0,0,48,32,82,75,7,95,28,72,74,8,20,18,25,45,1,0,2026-08-31T00:00:00Z,DEMO,Real geography + synthetic operational scenario inputs,See docs/multicity_demo_sources.md
GHY-C,AS,KAMRUP-M,GHY-C,Guwahati Urban Cluster C,Guwahati,26.17,91.79,2100,380,170,82,58,7,80,68,3.0,80,90,400.0,0,55,12,55,60,3,95,30,70,78,8,20,18,27,46,1,0,2026-08-31T00:00:00Z,DEMO,Real geography + synthetic operational scenario inputs,See docs/multicity_demo_sources.md
CHE-A,TN,CHENNAI,CHE-A,Chennai Coastal Cluster A,Chennai,13.05,80.282,2800,500,240,92,64,7,90,6,4.0,90,175,1.0,82,50,1,12,18,0,55,160,58,65,2,70,68,82,78,6,0,2026-08-31T00:00:00Z,DEMO,Real geography + synthetic operational scenario inputs,See docs/multicity_demo_sources.md
CHE-B,TN,CHENNAI,CHE-B,Chennai Low-Lying Cluster B,Chennai,13.01,80.22,2400,430,200,88,72,8,92,5,1.5,94,165,7.0,60,52,1,14,22,0,55,160,62,72,2,72,72,88,82,6,0,2026-08-31T00:00:00Z,DEMO,Real geography + synthetic operational scenario inputs,See docs/multicity_demo_sources.md
CHE-C,TN,CHENNAI,CHE-C,Chennai Inland Cluster C,Chennai,13.08,80.17,1900,330,160,70,48,5,80,18,8.0,68,150,14.0,35,48,2,15,25,0,55,160,55,58,2,78,75,90,86,6,0,2026-08-31T00:00:00Z,DEMO,Real geography + synthetic operational scenario inputs,See docs/multicity_demo_sources.md
